sub_name,sub_id,pt
LL,1,53.6448522949219
OY,2,51.2064700317383
