sub_name,sub_id,pt
ML,1,58.523366394043
SX,2,62.7120733642578
RC,3,20.9717510986328
