subj_init,coeff_va_slope,coeff_va_intercept,coeff_px_slope,coeff_px_intercept,coeff_cm_slope,coeff_cm_intercept
OY,1.31144100211935,-2.44322571329854,1.33958847907444,-31.8661783854167,1.33958847907444,-5.29028352101644
