sub_name,sub_id,ses_a_pt,ses_v_pt
OY,1,16.3277178430894,52.0920903104894
LL,2,0,10.3104767010857
