sub_name,sub_id,ses_a_pt,ses_v_pt
ML,1,42.0442642204734,95.8457253066119
